Family	Min_TE_length	Max_TE_length	Counts	nb_of_insertion	nb_of_expressed_insertion	Most_expressed_insertion
IVK_DM	86	7385	6	43	5	IVK_DM_3L_RaGOO_19656431_19661800
DM297	81	9998	3	68	2	DM297_LTR_2L_RaGOO_21241556_21249211
TAHRE	106	17304	7	22	6	TAHRE_3L_RaGOO_20705_26581
TART-A	83	8595	15	15	5	TART-A_3L_RaGOO_24811786_24820381
HETA	109	8920	14	16	7	HETA_X_RaGOO_85920_94840
MDG1	86	12111	10	53	2	MDG1_I_2R_RaGOO_916381_928492
ZAM	291	5847	0	9	0	ZAM_LTR_X_RaGOO_21261349_21261684
QUASIMODO	132	12745	3	73	3	QUASIMODO_I_3R_RaGOO_2587487_2599059
Copia	101	8722	0	35	0	Copia_I_3R_RaGOO_3646475_3647440
BLASTOPIA	115	5028	6	9	5	BLASTOPIA_LTR_3L_RaGOO_23460661_23465627
HOBO	84	4699	1	123	1	HOBO_2L_RaGOO_8465431_8466942
M4DM	122	2799	2	81	2	M4DM_3L_RaGOO_25693372_25696157
IDEFIX	81	10843	1	77	1	IDEFIX_I_3L_RaGOO_23168345_23170287
DNAREP1_DM	81	1186	4	3319	4	DNAREP1_DM_3R_RaGOO_3686735_3687895
BS2	82	9056	1	121	1	BS2_2R_RaGOO_2406301_2407991
QUASIMODO2	94	6463	1	13	1	QUASIMODO2-I_DM_3L_RaGOO_24183512_24185244
I_DM	95	9320	4	116	3	I_DM_2R_RaGOO_5384607_5388061
ROO	107	11105	2	59	2	ROO_LTR_X_RaGOO_10174670_10183502
FW2_DM	81	9476	2	215	2	FW2_DM_3R_RaGOO_1276264_1280608
BS	87	7501	2	70	2	BS_3L_RaGOO_25670374_25671727
BLOOD	267	6708	0	5	0	BLOOD_I_3R_RaGOO_1043809_1050517
TRANSPAC	244	4731	0	3	0	TRANSPAC_I_3R_RaGOO_26707140_26711871
POGO	233	3577	220	25	18	POGO_X_RaGOO_21863530_21864880
DM412	87	7034	8	63	4	DM412_3R_RaGOO_3388391_3389451
LINEJ1_DM	81	9493	0	109	0	LINEJ1_DM_X_RaGOO_21500081_21500582
NOMAD	118	10512	0	50	0	NOMAD_I_X_RaGOO_21274295_21280935
ACCORD2	144	13564	4	25	1	ACCORD2_LTR_3L_RaGOO_24099817_24111803
MICROPIA	108	5688	0	26	0	MICROPIA_LTR_X_RaGOO_22031494_22031772
BURDOCK	110	8538	0	19	0	BURDOCK_I_3R_RaGOO_3564512_3565115
S2_DM	151	2392	0	27	0	S2_DM_X_RaGOO_21341507_21342141
TART_B1	81	6178	7	33	2	TART_B1_2R_RaGOO_23920095_23923160
S_DM	104	3166	6	143	6	S_DM_3R_RaGOO_4710881_4712605
POGON1	95	191	0	33	0	POGON1_X_RaGOO_18687224_18687414
FB4_DM	88	7578	3	207	3	FB4_DM_4_RaGOO_769101_769563
G4_DM	93	6021	0	55	0	G4_DM_X_RaGOO_21288081_21288389
DOC6_DM	140	4219	3	12	2	DOC6_DM_X_RaGOO_7744303_7748522
DMRT1A	85	8463	1	82	1	DMRT1A_X_RaGOO_20986542_20994365
DOC	106	8479	7	90	7	DOC_X_RaGOO_9354900_9359597
MDG3	81	3801	0	12	0	MDG3_I_X_RaGOO_19449814_19451303
DMRT1B	81	10034	3	116	2	DMRT1B_3R_RaGOO_3489075_3498678
DMCR1A	83	8863	84	578	7	DMCR1A_2L_RaGOO_22244771_22248301
G2_DM	86	3757	0	29	0	G2_DM_X_RaGOO_22033014_22033863
NOF_FB	145	4730	0	8	0	NOF_FB_3R_RaGOO_20805074_20805219
DIVER	146	10026	0	7	0	DIVER_I_X_RaGOO_22034020_22035202
BS3_DM	87	2183	0	56	0	BS3_DM_X_RaGOO_21935688_21936234
Transib-N1_DM	82	868	0	47	0	Transib-N1_DM_X_RaGOO_21982034_21982520
DOC4_DM	111	5020	0	45	0	DOC4_DM_X_RaGOO_21962547_21963663
R1_DM	86	5365	3	44	2	R1_DM_X_RaGOO_21996524_22001556
TC1_DM	104	2687	1	54	1	TC1_DM_4_RaGOO_119749_120916
Gypsy6A_LTR	107	7605	0	56	0	Gypsy6A_LTR_X_RaGOO_21298523_21298735
PROTOP	81	8385	2	291	2	PROTOP_3L_RaGOO_26068646_26074787
G_DM	85	6499	0	43	0	G_DM_X_RaGOO_22027561_22029008
G6_DM	214	3511	0	20	0	G6_DM_X_RaGOO_22029501_22033012
G5_DM	98	4775	0	67	0	G5_DM_X_RaGOO_21991362_21991911
TC1-2_DM	97	1629	3	55	2	TC1-2_DM_2R_RaGOO_2258745_2260197
Transib5	106	5116	1	30	1	Transib5_3R_RaGOO_2639090_2641615
PROTOP_B	82	2140	5	346	1	PROTOP_B_4_RaGOO_175159_176280
Jockey2	84	3418	0	44	0	Jockey2_X_RaGOO_21960656_21961103
HELENA_RT	105	1854	0	23	0	HELENA_RT_X_RaGOO_21570155_21571504
Invader3	90	7829	0	32	0	Invader3_I_X_RaGOO_21501068_21502096
TRANSIB1	82	2157	0	19	0	TRANSIB1_3R_RaGOO_2699100_2700573
Invader4	102	3449	1	26	1	Invader4_LTR_2L_RaGOO_21089350_21091057
TRANSIB2	164	4052	1	48	1	TRANSIB2_3L_RaGOO_25693716_25697768
Invader2	98	6867	0	22	0	Invader2_I_3R_RaGOO_2539040_2541325
DMLTR5	90	7074	0	15	0	DMLTR5_X_RaGOO_6730302_6737331
STALKER4	82	10083	2	54	2	STALKER4_I_3L_RaGOO_23196825_23206571
DMRT1C	86	9656	0	76	0	DMRT1C_X_RaGOO_21562655_21564504
Chimpo	1165	4153	1	5	1	Chimpo_I_4_RaGOO_776018_780171
TIRANT	115	8202	1	10	1	TIRANT_I_2R_RaGOO_626164_626883
Copia1	202	202	0	2	0	Copia1-LTR_DM_X_RaGOO_21072663_21072865
Baggins1	121	10648	2	137	2	Baggins1_3L_RaGOO_24293575_24300805
G5A_DM	84	3179	0	76	0	G5A_DM_X_RaGOO_21990167_21991360
Mariner2_DM	101	1108	1	48	1	Mariner2_DM_4_RaGOO_638924_639677
DOC2_DM	92	8869	0	47	0	DOC2_DM_X_RaGOO_21227736_21230306
PROTOP_A	81	1847	0	310	0	PROTOP_A_X_RaGOO_21310570_21310675
DOC3_DM	85	9472	2	109	2	DOC3_DM_X_RaGOO_21994216_21996199
GTWIN	133	7383	1	19	1	GTWIN_LTR_X_RaGOO_21148680_21156063
DM412B_LTR	81	8866	1	21	1	DM412B_LTR_3R_RaGOO_21307972_21315446
BEL	101	6086	0	9	0	BEL_LTR_X_RaGOO_19596609_19599800
Gypsy5	146	8200	0	15	0	Gypsy5_LTR_X_RaGOO_21276237_21276399
BATUMI	85	15405	2	19	2	BATUMI_LTR_3R_RaGOO_1890606_1906011
Gypsy4	146	6778	0	18	0	Gypsy4_LTR_3R_RaGOO_3837002_3837297
Gypsy9	139	8887	0	12	0	Gypsy9_LTR_4_RaGOO_614187_614326
MAX	81	13374	9	23	2	MAX_LTR_3L_RaGOO_3640512_3649209
Invader6	111	7833	2	38	2	Invader6_I_3L_RaGOO_25628103_25632398
Gypsy12A_LTR	86	9469	12	99	7	Gypsy12A_LTR_3R_RaGOO_1864004_1865329
Copia2	332	3891	2	33	1	Copia2_I_2L_RaGOO_22718178_22722069
Gypsy1	92	10441	12	29	2	Gypsy1-I_DM_3L_RaGOO_24127725_24132950
BARI1	98	1563	0	10	0	BARI1_X_RaGOO_21428317_21429694
CIRCE	123	7880	0	36	0	CIRCE_X_RaGOO_22014034_22017447
Chouto	337	6938	0	14	0	Chouto_LTR_3R_RaGOO_4489408_4489923
NINJA	167	5455	0	16	0	NINJA_LTR_X_RaGOO_22013046_22013933
Gypsy8	82	8878	3	88	2	Gypsy8_LTR_3R_RaGOO_3489645_3494741
Invader1	131	1675	1	23	1	Invader1_I_3L_RaGOO_26375243_26376911
DM176	102	11487	1	20	1	DM176_I_2L_RaGOO_22492424_22494024
Gypsy	82	12951	2	64	1	Gypsy_LTR_2R_RaGOO_812580_825531
DIVER2	85	7967	0	124	0	DIVER2_I_X_RaGOO_21876066_21878259
G3_DM	111	8485	2	33	1	G3_DM_2L_RaGOO_21721006_21729491
TRANSIB4	156	1830	0	14	0	TRANSIB4_X_RaGOO_21378972_21379342
Bica	109	4262	0	17	0	Bica_I_3R_RaGOO_4042304_4046134
Gypsy12	88	8833	2	47	1	Gypsy12_I_3L_RaGOO_25952023_25957990
HMSBEAGLE_I	88	12457	0	78	0	HMSBEAGLE_I_X_RaGOO_21289318_21292566
FROGGER	285	3187	0	13	0	FROGGER_I_3R_RaGOO_1416675_1418639
Invader5	157	6420	0	11	0	Invader5_LTR_X_RaGOO_21988703_21989216
TRANSIB3	94	5046	16	35	3	TRANSIB3_X_RaGOO_21749054_21750759
Gypsy2	88	9080	0	33	0	Gypsy2_LTR_X_RaGOO_21160221_21163708
Gypsy11	156	5165	2	16	1	Gypsy11_LTR_2R_RaGOO_1478181_1482030
Gypsy6	92	9867	0	56	0	Gypsy6_I_X_RaGOO_21230310_21230989
DOC5_DM	126	9265	3	66	3	DOC5_DM_3L_RaGOO_25023332_25026768
DMTOM1	94	8006	8	21	1	DMTOM1_LTR_X_RaGOO_11258002_11258389
DM1731	85	4565	3	7	2	DM1731_LTR_3L_RaGOO_24209333_24213898
LOOPER1_DM	116	2477	0	10	0	LOOPER1_DM_X_RaGOO_21779812_21780142
Gypsy7	144	8623	1	32	1	Gypsy7_I_3L_RaGOO_25724750_25729257
FW3_DM	91	4486	0	40	0	FW3_DM_X_RaGOO_21281765_21282290
R1-2_DM	86	3300	0	16	0	R1-2_DM_3R_RaGOO_2642047_2643224
Gypsy3	114	420	0	11	0	Gypsy3_LTR_X_RaGOO_21245864_21246165
Gypsy10	205	6909	0	18	0	Gypsy10_LTR_3R_RaGOO_766942_767305
TOM	81	12151	0	43	0	TOM_I_X_RaGOO_20991625_20991894
ROOA	95	6861	0	16	0	ROOA_I_3R_RaGOO_2675958_2677274
MINOS	86	1543	0	16	0	MINOS_X_RaGOO_4591707_4591814
ACCORD	113	5570	1	7	1	ACCORD_I_2R_RaGOO_818637_823373
ROVER	117	5572	1	8	1	ROVER-I_DM_X_RaGOO_21298736_21304020
BARI_DM	1232	1732	1	16	1	BARI_DM_2R_RaGOO_42130_43850
TABOR	88	7255	0	20	0	TABOR_LTR_X_RaGOO_21974593_21974685
Stalker3_LTR	329	387	0	4	0	Stalker3_LTR_3L_RaGOO_26480807_26481192
Stalker2	136	7964	17	9	4	Stalker2_LTR_3R_RaGOO_12469233_12477197
TLD2	102	387	0	11	0	TLD2_3R_RaGOO_3465853_3466132
BS4_DM	103	750	0	3	0	BS4_DM_3R_RaGOO_4052534_4053284
G7_DM	82	1191	0	9	0	G7_DM_X_RaGOO_16783041_16783563
PLACW_DM	927	927	0	1	0	PLACW_DM_3L_RaGOO_13917593_13918520
Helitron1_DM	563	563	0	1	0	Helitron1_DM_X_RaGOO_21992722_21993285
R2_DM	267	566	0	3	0	R2_DM_X_RaGOO_22026333_22026899
